	F
hcpsph2_000_000	hcpsph2
hcpsph2_000_001	hcpsph2
hcpsph2_000_002	hcpsph2
hcpsph2_000_003	hcpsph2
hcpsph2_000_004	hcpsph2
hcpsph2_000_005	hcpsph2
hcpsph2_000_006	hcpsph2
hcpsph2_000_007	hcpsph2
hcpsph2_000_008	hcpsph2
hcpsph2_000_009	hcpsph2
hcpsph2_000_010	hcpsph2
hcpsph2_000_011	hcpsph2
hcpsph2_000_012	hcpsph2
hcpsph2_000_013	hcpsph2
hcpsph2_000_014	hcpsph2
hcpsph2_000_015	hcpsph2
hcpsph2_000_016	hcpsph2
hcpsph2_000_017	hcpsph2
hcpsph2_000_018	hcpsph2
hcpsph2_000_019	hcpsph2
hcpsph2_000_020	hcpsph2
hcpsph2_010_000	hcpsph2
hcpsph2_010_001	hcpsph2
hcpsph2_010_002	hcpsph2
hcpsph2_010_003	hcpsph2
hcpsph2_010_004	hcpsph2
hcpsph2_010_005	hcpsph2
hcpsph2_010_006	hcpsph2
hcpsph2_010_007	hcpsph2
hcpsph2_010_008	hcpsph2
hcpsph2_010_009	hcpsph2
hcpsph2_010_010	hcpsph2
hcpsph2_010_011	hcpsph2
hcpsph2_010_012	hcpsph2
hcpsph2_010_013	hcpsph2
hcpsph2_010_014	hcpsph2
hcpsph2_010_015	hcpsph2
hcpsph2_010_016	hcpsph2
hcpsph2_010_017	hcpsph2
hcpsph2_010_018	hcpsph2
hcpsph2_010_019	hcpsph2
hcpsph2_010_020	hcpsph2
hcpsph2_020_000	hcpsph2
hcpsph2_020_001	hcpsph2
hcpsph2_020_002	hcpsph2
hcpsph2_020_003	hcpsph2
hcpsph2_020_004	hcpsph2
hcpsph2_020_005	hcpsph2
hcpsph2_020_006	hcpsph2
hcpsph2_020_007	hcpsph2
hcpsph2_020_008	hcpsph2
hcpsph2_020_009	hcpsph2
hcpsph2_020_010	hcpsph2
hcpsph2_020_011	hcpsph2
hcpsph2_020_012	hcpsph2
hcpsph2_020_013	hcpsph2
hcpsph2_020_014	hcpsph2
hcpsph2_020_015	hcpsph2
hcpsph2_020_016	hcpsph2
hcpsph2_020_017	hcpsph2
hcpsph2_020_018	hcpsph2
hcpsph2_020_019	hcpsph2
hcpsph2_020_020	hcpsph2
hcpsph2_030_000	hcpsph2
hcpsph2_030_001	hcpsph2
hcpsph2_030_002	hcpsph2
hcpsph2_030_003	hcpsph2
hcpsph2_030_004	hcpsph2
hcpsph2_030_005	hcpsph2
hcpsph2_030_006	hcpsph2
hcpsph2_030_007	hcpsph2
hcpsph2_030_008	hcpsph2
hcpsph2_030_009	hcpsph2
hcpsph2_030_010	hcpsph2
hcpsph2_030_011	hcpsph2
hcpsph2_030_012	hcpsph2
hcpsph2_030_013	hcpsph2
hcpsph2_030_014	hcpsph2
hcpsph2_030_015	hcpsph2
hcpsph2_030_016	hcpsph2
hcpsph2_030_017	hcpsph2
hcpsph2_030_018	hcpsph2
hcpsph2_030_019	hcpsph2
hcpsph2_030_020	hcpsph2
fccCube_010_000	fccCube
fccCube_010_001	fccCube
fccCube_010_002	fccCube
fccCube_010_003	fccCube
fccCube_010_004	fccCube
fccCube_010_005	fccCube
fccCube_010_006	fccCube
fccCube_010_007	fccCube
fccCube_010_008	fccCube
fccCube_010_009	fccCube
fccCube_010_010	fccCube
fccCube_010_011	fccCube
fccCube_010_012	fccCube
fccCube_010_013	fccCube
fccCube_010_014	fccCube
fccCube_010_015	fccCube
fccCube_010_016	fccCube
fccCube_010_017	fccCube
fccCube_010_018	fccCube
fccCube_010_019	fccCube
fccCube_010_020	fccCube
fccCube_020_000	fccCube
fccCube_020_001	fccCube
fccCube_020_002	fccCube
fccCube_020_003	fccCube
fccCube_020_004	fccCube
fccCube_020_005	fccCube
fccCube_020_006	fccCube
fccCube_020_007	fccCube
fccCube_020_008	fccCube
fccCube_020_009	fccCube
fccCube_020_010	fccCube
fccCube_020_011	fccCube
fccCube_020_012	fccCube
fccCube_020_013	fccCube
fccCube_020_014	fccCube
fccCube_020_015	fccCube
fccCube_020_016	fccCube
fccCube_020_017	fccCube
fccCube_020_018	fccCube
fccCube_020_019	fccCube
fccCube_020_020	fccCube
fccCube_030_000	fccCube
fccCube_030_001	fccCube
fccCube_030_002	fccCube
fccCube_030_003	fccCube
fccCube_030_004	fccCube
fccCube_030_005	fccCube
fccCube_030_006	fccCube
fccCube_030_007	fccCube
fccCube_030_008	fccCube
fccCube_030_009	fccCube
fccCube_030_010	fccCube
fccCube_030_011	fccCube
fccCube_030_012	fccCube
fccCube_030_013	fccCube
fccCube_030_014	fccCube
fccCube_030_015	fccCube
fccCube_030_016	fccCube
fccCube_030_017	fccCube
fccCube_030_018	fccCube
fccCube_030_019	fccCube
fccCube_030_020	fccCube
fccCube_040_000	fccCube
fccCube_040_001	fccCube
fccCube_040_002	fccCube
fccCube_040_003	fccCube
fccCube_040_004	fccCube
fccCube_040_005	fccCube
fccCube_040_006	fccCube
fccCube_040_007	fccCube
fccCube_040_008	fccCube
fccCube_040_009	fccCube
fccCube_040_010	fccCube
fccCube_040_011	fccCube
fccCube_040_012	fccCube
fccCube_040_013	fccCube
fccCube_040_014	fccCube
fccCube_040_015	fccCube
fccCube_040_016	fccCube
fccCube_040_017	fccCube
fccCube_040_018	fccCube
fccCube_040_019	fccCube
fccCube_040_020	fccCube
regfccOh_020_000	regfccOh
regfccOh_020_001	regfccOh
regfccOh_020_002	regfccOh
regfccOh_020_003	regfccOh
regfccOh_020_004	regfccOh
regfccOh_020_005	regfccOh
regfccOh_020_006	regfccOh
regfccOh_020_007	regfccOh
regfccOh_020_008	regfccOh
regfccOh_020_009	regfccOh
regfccOh_020_010	regfccOh
regfccOh_020_011	regfccOh
regfccOh_020_012	regfccOh
regfccOh_020_013	regfccOh
regfccOh_020_014	regfccOh
regfccOh_020_015	regfccOh
regfccOh_020_016	regfccOh
regfccOh_020_017	regfccOh
regfccOh_020_018	regfccOh
regfccOh_020_019	regfccOh
regfccOh_020_020	regfccOh
regfccOh_030_000	regfccOh
regfccOh_030_001	regfccOh
regfccOh_030_002	regfccOh
regfccOh_030_003	regfccOh
regfccOh_030_004	regfccOh
regfccOh_030_005	regfccOh
regfccOh_030_006	regfccOh
regfccOh_030_007	regfccOh
regfccOh_030_008	regfccOh
regfccOh_030_009	regfccOh
regfccOh_030_010	regfccOh
regfccOh_030_011	regfccOh
regfccOh_030_012	regfccOh
regfccOh_030_013	regfccOh
regfccOh_030_014	regfccOh
regfccOh_030_015	regfccOh
regfccOh_030_016	regfccOh
regfccOh_030_017	regfccOh
regfccOh_030_018	regfccOh
regfccOh_030_019	regfccOh
regfccOh_030_020	regfccOh
regfccOh_040_000	regfccOh
regfccOh_040_001	regfccOh
regfccOh_040_002	regfccOh
regfccOh_040_003	regfccOh
regfccOh_040_004	regfccOh
regfccOh_040_005	regfccOh
regfccOh_040_006	regfccOh
regfccOh_040_007	regfccOh
regfccOh_040_008	regfccOh
regfccOh_040_009	regfccOh
regfccOh_040_010	regfccOh
regfccOh_040_011	regfccOh
regfccOh_040_012	regfccOh
regfccOh_040_013	regfccOh
regfccOh_040_014	regfccOh
regfccOh_040_015	regfccOh
regfccOh_040_016	regfccOh
regfccOh_040_017	regfccOh
regfccOh_040_018	regfccOh
regfccOh_040_019	regfccOh
regfccOh_040_020	regfccOh
regfccOh_050_000	regfccOh
regfccOh_050_001	regfccOh
regfccOh_050_002	regfccOh
regfccOh_050_003	regfccOh
regfccOh_050_004	regfccOh
regfccOh_050_005	regfccOh
regfccOh_050_006	regfccOh
regfccOh_050_007	regfccOh
regfccOh_050_008	regfccOh
regfccOh_050_009	regfccOh
regfccOh_050_010	regfccOh
regfccOh_050_011	regfccOh
regfccOh_050_012	regfccOh
regfccOh_050_013	regfccOh
regfccOh_050_014	regfccOh
regfccOh_050_015	regfccOh
regfccOh_050_016	regfccOh
regfccOh_050_017	regfccOh
regfccOh_050_018	regfccOh
regfccOh_050_019	regfccOh
regfccOh_050_020	regfccOh
regfccOh_060_000	regfccOh
regfccOh_060_001	regfccOh
regfccOh_060_002	regfccOh
regfccOh_060_003	regfccOh
regfccOh_060_004	regfccOh
regfccOh_060_005	regfccOh
regfccOh_060_006	regfccOh
regfccOh_060_007	regfccOh
regfccOh_060_008	regfccOh
regfccOh_060_009	regfccOh
regfccOh_060_010	regfccOh
regfccOh_060_011	regfccOh
regfccOh_060_012	regfccOh
regfccOh_060_013	regfccOh
regfccOh_060_014	regfccOh
regfccOh_060_015	regfccOh
regfccOh_060_016	regfccOh
regfccOh_060_017	regfccOh
regfccOh_060_018	regfccOh
regfccOh_060_019	regfccOh
regfccOh_060_020	regfccOh
bccrDD_020_000	bccrDD
bccrDD_020_001	bccrDD
bccrDD_020_002	bccrDD
bccrDD_020_003	bccrDD
bccrDD_020_004	bccrDD
bccrDD_020_005	bccrDD
bccrDD_020_006	bccrDD
bccrDD_020_007	bccrDD
bccrDD_020_008	bccrDD
bccrDD_020_009	bccrDD
bccrDD_020_010	bccrDD
bccrDD_020_011	bccrDD
bccrDD_020_012	bccrDD
bccrDD_020_013	bccrDD
bccrDD_020_014	bccrDD
bccrDD_020_015	bccrDD
bccrDD_020_016	bccrDD
bccrDD_020_017	bccrDD
bccrDD_020_018	bccrDD
bccrDD_020_019	bccrDD
bccrDD_020_020	bccrDD
bccrDD_030_000	bccrDD
bccrDD_030_001	bccrDD
bccrDD_030_002	bccrDD
bccrDD_030_003	bccrDD
bccrDD_030_004	bccrDD
bccrDD_030_005	bccrDD
bccrDD_030_006	bccrDD
bccrDD_030_007	bccrDD
bccrDD_030_008	bccrDD
bccrDD_030_009	bccrDD
bccrDD_030_010	bccrDD
bccrDD_030_011	bccrDD
bccrDD_030_012	bccrDD
bccrDD_030_013	bccrDD
bccrDD_030_014	bccrDD
bccrDD_030_015	bccrDD
bccrDD_030_016	bccrDD
bccrDD_030_017	bccrDD
bccrDD_030_018	bccrDD
bccrDD_030_019	bccrDD
bccrDD_030_020	bccrDD
bccrDD_040_000	bccrDD
bccrDD_040_001	bccrDD
bccrDD_040_002	bccrDD
bccrDD_040_003	bccrDD
bccrDD_040_004	bccrDD
bccrDD_040_005	bccrDD
bccrDD_040_006	bccrDD
bccrDD_040_007	bccrDD
bccrDD_040_008	bccrDD
bccrDD_040_009	bccrDD
bccrDD_040_010	bccrDD
bccrDD_040_011	bccrDD
bccrDD_040_012	bccrDD
bccrDD_040_013	bccrDD
bccrDD_040_014	bccrDD
bccrDD_040_015	bccrDD
bccrDD_040_016	bccrDD
bccrDD_040_017	bccrDD
bccrDD_040_018	bccrDD
bccrDD_040_019	bccrDD
bccrDD_040_020	bccrDD
bccrDD_050_000	bccrDD
bccrDD_050_001	bccrDD
bccrDD_050_002	bccrDD
bccrDD_050_003	bccrDD
bccrDD_050_004	bccrDD
bccrDD_050_005	bccrDD
bccrDD_050_006	bccrDD
bccrDD_050_007	bccrDD
bccrDD_050_008	bccrDD
bccrDD_050_009	bccrDD
bccrDD_050_010	bccrDD
bccrDD_050_011	bccrDD
bccrDD_050_012	bccrDD
bccrDD_050_013	bccrDD
bccrDD_050_014	bccrDD
bccrDD_050_015	bccrDD
bccrDD_050_016	bccrDD
bccrDD_050_017	bccrDD
bccrDD_050_018	bccrDD
bccrDD_050_019	bccrDD
bccrDD_050_020	bccrDD
cubo_020_000	cubo
cubo_020_001	cubo
cubo_020_002	cubo
cubo_020_003	cubo
cubo_020_004	cubo
cubo_020_005	cubo
cubo_020_006	cubo
cubo_020_007	cubo
cubo_020_008	cubo
cubo_020_009	cubo
cubo_020_010	cubo
cubo_020_011	cubo
cubo_020_012	cubo
cubo_020_013	cubo
cubo_020_014	cubo
cubo_020_015	cubo
cubo_020_016	cubo
cubo_020_017	cubo
cubo_020_018	cubo
cubo_020_019	cubo
cubo_020_020	cubo
cubo_030_000	cubo
cubo_030_001	cubo
cubo_030_002	cubo
cubo_030_003	cubo
cubo_030_004	cubo
cubo_030_005	cubo
cubo_030_006	cubo
cubo_030_007	cubo
cubo_030_008	cubo
cubo_030_009	cubo
cubo_030_010	cubo
cubo_030_011	cubo
cubo_030_012	cubo
cubo_030_013	cubo
cubo_030_014	cubo
cubo_030_015	cubo
cubo_030_016	cubo
cubo_030_017	cubo
cubo_030_018	cubo
cubo_030_019	cubo
cubo_030_020	cubo
cubo_040_000	cubo
cubo_040_001	cubo
cubo_040_002	cubo
cubo_040_003	cubo
cubo_040_004	cubo
cubo_040_005	cubo
cubo_040_006	cubo
cubo_040_007	cubo
cubo_040_008	cubo
cubo_040_009	cubo
cubo_040_010	cubo
cubo_040_011	cubo
cubo_040_012	cubo
cubo_040_013	cubo
cubo_040_014	cubo
cubo_040_015	cubo
cubo_040_016	cubo
cubo_040_017	cubo
cubo_040_018	cubo
cubo_040_019	cubo
cubo_040_020	cubo
cubo_050_000	cubo
cubo_050_001	cubo
cubo_050_002	cubo
cubo_050_003	cubo
cubo_050_004	cubo
cubo_050_005	cubo
cubo_050_006	cubo
cubo_050_007	cubo
cubo_050_008	cubo
cubo_050_009	cubo
cubo_050_010	cubo
cubo_050_011	cubo
cubo_050_012	cubo
cubo_050_013	cubo
cubo_050_014	cubo
cubo_050_015	cubo
cubo_050_016	cubo
cubo_050_017	cubo
cubo_050_018	cubo
cubo_050_019	cubo
cubo_050_020	cubo
cubo_060_000	cubo
cubo_060_001	cubo
cubo_060_002	cubo
cubo_060_003	cubo
cubo_060_004	cubo
cubo_060_005	cubo
cubo_060_006	cubo
cubo_060_007	cubo
cubo_060_008	cubo
cubo_060_009	cubo
cubo_060_010	cubo
cubo_060_011	cubo
cubo_060_012	cubo
cubo_060_013	cubo
cubo_060_014	cubo
cubo_060_015	cubo
cubo_060_016	cubo
cubo_060_017	cubo
cubo_060_018	cubo
cubo_060_019	cubo
cubo_060_020	cubo
pbpy_020_000	pbpy
pbpy_020_001	pbpy
pbpy_020_002	pbpy
pbpy_020_003	pbpy
pbpy_020_004	pbpy
pbpy_020_005	pbpy
pbpy_020_006	pbpy
pbpy_020_007	pbpy
pbpy_020_008	pbpy
pbpy_020_009	pbpy
pbpy_020_010	pbpy
pbpy_020_011	pbpy
pbpy_020_012	pbpy
pbpy_020_013	pbpy
pbpy_020_014	pbpy
pbpy_020_015	pbpy
pbpy_020_016	pbpy
pbpy_020_017	pbpy
pbpy_020_018	pbpy
pbpy_020_019	pbpy
pbpy_020_020	pbpy
pbpy_030_000	pbpy
pbpy_030_001	pbpy
pbpy_030_002	pbpy
pbpy_030_003	pbpy
pbpy_030_004	pbpy
pbpy_030_005	pbpy
pbpy_030_006	pbpy
pbpy_030_007	pbpy
pbpy_030_008	pbpy
pbpy_030_009	pbpy
pbpy_030_010	pbpy
pbpy_030_011	pbpy
pbpy_030_012	pbpy
pbpy_030_013	pbpy
pbpy_030_014	pbpy
pbpy_030_015	pbpy
pbpy_030_016	pbpy
pbpy_030_017	pbpy
pbpy_030_018	pbpy
pbpy_030_019	pbpy
pbpy_030_020	pbpy
pbpy_040_000	pbpy
pbpy_040_001	pbpy
pbpy_040_002	pbpy
pbpy_040_003	pbpy
pbpy_040_004	pbpy
pbpy_040_005	pbpy
pbpy_040_006	pbpy
pbpy_040_007	pbpy
pbpy_040_008	pbpy
pbpy_040_009	pbpy
pbpy_040_010	pbpy
pbpy_040_011	pbpy
pbpy_040_012	pbpy
pbpy_040_013	pbpy
pbpy_040_014	pbpy
pbpy_040_015	pbpy
pbpy_040_016	pbpy
pbpy_040_017	pbpy
pbpy_040_018	pbpy
pbpy_040_019	pbpy
pbpy_040_020	pbpy
pbpy_050_000	pbpy
pbpy_050_001	pbpy
pbpy_050_002	pbpy
pbpy_050_003	pbpy
pbpy_050_004	pbpy
pbpy_050_005	pbpy
pbpy_050_006	pbpy
pbpy_050_007	pbpy
pbpy_050_008	pbpy
pbpy_050_009	pbpy
pbpy_050_010	pbpy
pbpy_050_011	pbpy
pbpy_050_012	pbpy
pbpy_050_013	pbpy
pbpy_050_014	pbpy
pbpy_050_015	pbpy
pbpy_050_016	pbpy
pbpy_050_017	pbpy
pbpy_050_018	pbpy
pbpy_050_019	pbpy
pbpy_050_020	pbpy
pbpy_060_000	pbpy
pbpy_060_001	pbpy
pbpy_060_002	pbpy
pbpy_060_003	pbpy
pbpy_060_004	pbpy
pbpy_060_005	pbpy
pbpy_060_006	pbpy
pbpy_060_007	pbpy
pbpy_060_008	pbpy
pbpy_060_009	pbpy
pbpy_060_010	pbpy
pbpy_060_011	pbpy
pbpy_060_012	pbpy
pbpy_060_013	pbpy
pbpy_060_014	pbpy
pbpy_060_015	pbpy
pbpy_060_016	pbpy
pbpy_060_017	pbpy
pbpy_060_018	pbpy
pbpy_060_019	pbpy
pbpy_060_020	pbpy
fccdrDD_020_000	fccdrDD
fccdrDD_020_001	fccdrDD
fccdrDD_020_002	fccdrDD
fccdrDD_020_003	fccdrDD
fccdrDD_020_004	fccdrDD
fccdrDD_020_005	fccdrDD
fccdrDD_020_006	fccdrDD
fccdrDD_020_007	fccdrDD
fccdrDD_020_008	fccdrDD
fccdrDD_020_009	fccdrDD
fccdrDD_020_010	fccdrDD
fccdrDD_020_011	fccdrDD
fccdrDD_020_012	fccdrDD
fccdrDD_020_013	fccdrDD
fccdrDD_020_014	fccdrDD
fccdrDD_020_015	fccdrDD
fccdrDD_020_016	fccdrDD
fccdrDD_020_017	fccdrDD
fccdrDD_020_018	fccdrDD
fccdrDD_020_019	fccdrDD
fccdrDD_020_020	fccdrDD
fccdrDD_030_000	fccdrDD
fccdrDD_030_001	fccdrDD
fccdrDD_030_002	fccdrDD
fccdrDD_030_003	fccdrDD
fccdrDD_030_004	fccdrDD
fccdrDD_030_005	fccdrDD
fccdrDD_030_006	fccdrDD
fccdrDD_030_007	fccdrDD
fccdrDD_030_008	fccdrDD
fccdrDD_030_009	fccdrDD
fccdrDD_030_010	fccdrDD
fccdrDD_030_011	fccdrDD
fccdrDD_030_012	fccdrDD
fccdrDD_030_013	fccdrDD
fccdrDD_030_014	fccdrDD
fccdrDD_030_015	fccdrDD
fccdrDD_030_016	fccdrDD
fccdrDD_030_017	fccdrDD
fccdrDD_030_018	fccdrDD
fccdrDD_030_019	fccdrDD
fccdrDD_030_020	fccdrDD
fccdrDD_040_000	fccdrDD
fccdrDD_040_001	fccdrDD
fccdrDD_040_002	fccdrDD
fccdrDD_040_003	fccdrDD
fccdrDD_040_004	fccdrDD
fccdrDD_040_005	fccdrDD
fccdrDD_040_006	fccdrDD
fccdrDD_040_007	fccdrDD
fccdrDD_040_008	fccdrDD
fccdrDD_040_009	fccdrDD
fccdrDD_040_010	fccdrDD
fccdrDD_040_011	fccdrDD
fccdrDD_040_012	fccdrDD
fccdrDD_040_013	fccdrDD
fccdrDD_040_014	fccdrDD
fccdrDD_040_015	fccdrDD
fccdrDD_040_016	fccdrDD
fccdrDD_040_017	fccdrDD
fccdrDD_040_018	fccdrDD
fccdrDD_040_019	fccdrDD
fccdrDD_040_020	fccdrDD
fccdrDD_050_000	fccdrDD
fccdrDD_050_001	fccdrDD
fccdrDD_050_002	fccdrDD
fccdrDD_050_003	fccdrDD
fccdrDD_050_004	fccdrDD
fccdrDD_050_005	fccdrDD
fccdrDD_050_006	fccdrDD
fccdrDD_050_007	fccdrDD
fccdrDD_050_008	fccdrDD
fccdrDD_050_009	fccdrDD
fccdrDD_050_010	fccdrDD
fccdrDD_050_011	fccdrDD
fccdrDD_050_012	fccdrDD
fccdrDD_050_013	fccdrDD
fccdrDD_050_014	fccdrDD
fccdrDD_050_015	fccdrDD
fccdrDD_050_016	fccdrDD
fccdrDD_050_017	fccdrDD
fccdrDD_050_018	fccdrDD
fccdrDD_050_019	fccdrDD
fccdrDD_050_020	fccdrDD
dd_020_000	dd
dd_020_001	dd
dd_020_002	dd
dd_020_003	dd
dd_020_004	dd
dd_020_005	dd
dd_020_006	dd
dd_020_007	dd
dd_020_008	dd
dd_020_009	dd
dd_020_010	dd
dd_020_011	dd
dd_020_012	dd
dd_020_013	dd
dd_020_014	dd
dd_020_015	dd
dd_020_016	dd
dd_020_017	dd
dd_020_018	dd
dd_020_019	dd
dd_020_020	dd
dd_030_000	dd
dd_030_001	dd
dd_030_002	dd
dd_030_003	dd
dd_030_004	dd
dd_030_005	dd
dd_030_006	dd
dd_030_007	dd
dd_030_008	dd
dd_030_009	dd
dd_030_010	dd
dd_030_011	dd
dd_030_012	dd
dd_030_013	dd
dd_030_014	dd
dd_030_015	dd
dd_030_016	dd
dd_030_017	dd
dd_030_018	dd
dd_030_019	dd
dd_030_020	dd
dd_040_000	dd
dd_040_001	dd
dd_040_002	dd
dd_040_003	dd
dd_040_004	dd
dd_040_005	dd
dd_040_006	dd
dd_040_007	dd
dd_040_008	dd
dd_040_009	dd
dd_040_010	dd
dd_040_011	dd
dd_040_012	dd
dd_040_013	dd
dd_040_014	dd
dd_040_015	dd
dd_040_016	dd
dd_040_017	dd
dd_040_018	dd
dd_040_019	dd
dd_040_020	dd
dd_050_000	dd
dd_050_001	dd
dd_050_002	dd
dd_050_003	dd
dd_050_004	dd
dd_050_005	dd
dd_050_006	dd
dd_050_007	dd
dd_050_008	dd
dd_050_009	dd
dd_050_010	dd
dd_050_011	dd
dd_050_012	dd
dd_050_013	dd
dd_050_014	dd
dd_050_015	dd
dd_050_016	dd
dd_050_017	dd
dd_050_018	dd
dd_050_019	dd
dd_050_020	dd
fccTrOh_000_000	fccTrOh
fccTrOh_000_001	fccTrOh
fccTrOh_000_002	fccTrOh
fccTrOh_000_003	fccTrOh
fccTrOh_000_004	fccTrOh
fccTrOh_000_005	fccTrOh
fccTrOh_000_006	fccTrOh
fccTrOh_000_007	fccTrOh
fccTrOh_000_008	fccTrOh
fccTrOh_000_009	fccTrOh
fccTrOh_000_010	fccTrOh
fccTrOh_000_011	fccTrOh
fccTrOh_000_012	fccTrOh
fccTrOh_000_013	fccTrOh
fccTrOh_000_014	fccTrOh
fccTrOh_000_015	fccTrOh
fccTrOh_000_016	fccTrOh
fccTrOh_000_017	fccTrOh
fccTrOh_000_018	fccTrOh
fccTrOh_000_019	fccTrOh
fccTrOh_000_020	fccTrOh
fccTrOh_010_000	fccTrOh
fccTrOh_010_001	fccTrOh
fccTrOh_010_002	fccTrOh
fccTrOh_010_003	fccTrOh
fccTrOh_010_004	fccTrOh
fccTrOh_010_005	fccTrOh
fccTrOh_010_006	fccTrOh
fccTrOh_010_007	fccTrOh
fccTrOh_010_008	fccTrOh
fccTrOh_010_009	fccTrOh
fccTrOh_010_010	fccTrOh
fccTrOh_010_011	fccTrOh
fccTrOh_010_012	fccTrOh
fccTrOh_010_013	fccTrOh
fccTrOh_010_014	fccTrOh
fccTrOh_010_015	fccTrOh
fccTrOh_010_016	fccTrOh
fccTrOh_010_017	fccTrOh
fccTrOh_010_018	fccTrOh
fccTrOh_010_019	fccTrOh
fccTrOh_010_020	fccTrOh
fccTrOh_020_000	fccTrOh
fccTrOh_020_001	fccTrOh
fccTrOh_020_002	fccTrOh
fccTrOh_020_003	fccTrOh
fccTrOh_020_004	fccTrOh
fccTrOh_020_005	fccTrOh
fccTrOh_020_006	fccTrOh
fccTrOh_020_007	fccTrOh
fccTrOh_020_008	fccTrOh
fccTrOh_020_009	fccTrOh
fccTrOh_020_010	fccTrOh
fccTrOh_020_011	fccTrOh
fccTrOh_020_012	fccTrOh
fccTrOh_020_013	fccTrOh
fccTrOh_020_014	fccTrOh
fccTrOh_020_015	fccTrOh
fccTrOh_020_016	fccTrOh
fccTrOh_020_017	fccTrOh
fccTrOh_020_018	fccTrOh
fccTrOh_020_019	fccTrOh
fccTrOh_020_020	fccTrOh
fccTrOh_030_000	fccTrOh
fccTrOh_030_001	fccTrOh
fccTrOh_030_002	fccTrOh
fccTrOh_030_003	fccTrOh
fccTrOh_030_004	fccTrOh
fccTrOh_030_005	fccTrOh
fccTrOh_030_006	fccTrOh
fccTrOh_030_007	fccTrOh
fccTrOh_030_008	fccTrOh
fccTrOh_030_009	fccTrOh
fccTrOh_030_010	fccTrOh
fccTrOh_030_011	fccTrOh
fccTrOh_030_012	fccTrOh
fccTrOh_030_013	fccTrOh
fccTrOh_030_014	fccTrOh
fccTrOh_030_015	fccTrOh
fccTrOh_030_016	fccTrOh
fccTrOh_030_017	fccTrOh
fccTrOh_030_018	fccTrOh
fccTrOh_030_019	fccTrOh
fccTrOh_030_020	fccTrOh
fccTrOh_040_000	fccTrOh
fccTrOh_040_001	fccTrOh
fccTrOh_040_002	fccTrOh
fccTrOh_040_003	fccTrOh
fccTrOh_040_004	fccTrOh
fccTrOh_040_005	fccTrOh
fccTrOh_040_006	fccTrOh
fccTrOh_040_007	fccTrOh
fccTrOh_040_008	fccTrOh
fccTrOh_040_009	fccTrOh
fccTrOh_040_010	fccTrOh
fccTrOh_040_011	fccTrOh
fccTrOh_040_012	fccTrOh
fccTrOh_040_013	fccTrOh
fccTrOh_040_014	fccTrOh
fccTrOh_040_015	fccTrOh
fccTrOh_040_016	fccTrOh
fccTrOh_040_017	fccTrOh
fccTrOh_040_018	fccTrOh
fccTrOh_040_019	fccTrOh
fccTrOh_040_020	fccTrOh
ico_020_000	ico
ico_020_001	ico
ico_020_002	ico
ico_020_003	ico
ico_020_004	ico
ico_020_005	ico
ico_020_006	ico
ico_020_007	ico
ico_020_008	ico
ico_020_009	ico
ico_020_010	ico
ico_020_011	ico
ico_020_012	ico
ico_020_013	ico
ico_020_014	ico
ico_020_015	ico
ico_020_016	ico
ico_020_017	ico
ico_020_018	ico
ico_020_019	ico
ico_020_020	ico
ico_030_000	ico
ico_030_001	ico
ico_030_002	ico
ico_030_003	ico
ico_030_004	ico
ico_030_005	ico
ico_030_006	ico
ico_030_007	ico
ico_030_008	ico
ico_030_009	ico
ico_030_010	ico
ico_030_011	ico
ico_030_012	ico
ico_030_013	ico
ico_030_014	ico
ico_030_015	ico
ico_030_016	ico
ico_030_017	ico
ico_030_018	ico
ico_030_019	ico
ico_030_020	ico
ico_040_000	ico
ico_040_001	ico
ico_040_002	ico
ico_040_003	ico
ico_040_004	ico
ico_040_005	ico
ico_040_006	ico
ico_040_007	ico
ico_040_008	ico
ico_040_009	ico
ico_040_010	ico
ico_040_011	ico
ico_040_012	ico
ico_040_013	ico
ico_040_014	ico
ico_040_015	ico
ico_040_016	ico
ico_040_017	ico
ico_040_018	ico
ico_040_019	ico
ico_040_020	ico
ico_050_000	ico
ico_050_001	ico
ico_050_002	ico
ico_050_003	ico
ico_050_004	ico
ico_050_005	ico
ico_050_006	ico
ico_050_007	ico
ico_050_008	ico
ico_050_009	ico
ico_050_010	ico
ico_050_011	ico
ico_050_012	ico
ico_050_013	ico
ico_050_014	ico
ico_050_015	ico
ico_050_016	ico
ico_050_017	ico
ico_050_018	ico
ico_050_019	ico
ico_050_020	ico
ico_060_000	ico
ico_060_001	ico
ico_060_002	ico
ico_060_003	ico
ico_060_004	ico
ico_060_005	ico
ico_060_006	ico
ico_060_007	ico
ico_060_008	ico
ico_060_009	ico
ico_060_010	ico
ico_060_011	ico
ico_060_012	ico
ico_060_013	ico
ico_060_014	ico
ico_060_015	ico
ico_060_016	ico
ico_060_017	ico
ico_060_018	ico
ico_060_019	ico
ico_060_020	ico
bccCube_010_000	bccCube
bccCube_010_001	bccCube
bccCube_010_002	bccCube
bccCube_010_003	bccCube
bccCube_010_004	bccCube
bccCube_010_005	bccCube
bccCube_010_006	bccCube
bccCube_010_007	bccCube
bccCube_010_008	bccCube
bccCube_010_009	bccCube
bccCube_010_010	bccCube
bccCube_010_011	bccCube
bccCube_010_012	bccCube
bccCube_010_013	bccCube
bccCube_010_014	bccCube
bccCube_010_015	bccCube
bccCube_010_016	bccCube
bccCube_010_017	bccCube
bccCube_010_018	bccCube
bccCube_010_019	bccCube
bccCube_010_020	bccCube
bccCube_015_000	bccCube
bccCube_015_001	bccCube
bccCube_015_002	bccCube
bccCube_015_003	bccCube
bccCube_015_004	bccCube
bccCube_015_005	bccCube
bccCube_015_006	bccCube
bccCube_015_007	bccCube
bccCube_015_008	bccCube
bccCube_015_009	bccCube
bccCube_015_010	bccCube
bccCube_015_011	bccCube
bccCube_015_012	bccCube
bccCube_015_013	bccCube
bccCube_015_014	bccCube
bccCube_015_015	bccCube
bccCube_015_016	bccCube
bccCube_015_017	bccCube
bccCube_015_018	bccCube
bccCube_015_019	bccCube
bccCube_015_020	bccCube
bccCube_020_000	bccCube
bccCube_020_001	bccCube
bccCube_020_002	bccCube
bccCube_020_003	bccCube
bccCube_020_004	bccCube
bccCube_020_005	bccCube
bccCube_020_006	bccCube
bccCube_020_007	bccCube
bccCube_020_008	bccCube
bccCube_020_009	bccCube
bccCube_020_010	bccCube
bccCube_020_011	bccCube
bccCube_020_012	bccCube
bccCube_020_013	bccCube
bccCube_020_014	bccCube
bccCube_020_015	bccCube
bccCube_020_016	bccCube
bccCube_020_017	bccCube
bccCube_020_018	bccCube
bccCube_020_019	bccCube
bccCube_020_020	bccCube
bccCube_030_000	bccCube
bccCube_030_001	bccCube
bccCube_030_002	bccCube
bccCube_030_003	bccCube
bccCube_030_004	bccCube
bccCube_030_005	bccCube
bccCube_030_006	bccCube
bccCube_030_007	bccCube
bccCube_030_008	bccCube
bccCube_030_009	bccCube
bccCube_030_010	bccCube
bccCube_030_011	bccCube
bccCube_030_012	bccCube
bccCube_030_013	bccCube
bccCube_030_014	bccCube
bccCube_030_015	bccCube
bccCube_030_016	bccCube
bccCube_030_017	bccCube
bccCube_030_018	bccCube
bccCube_030_019	bccCube
bccCube_030_020	bccCube
